159204,7,721,66,7,7,2021,1,470,7,0,0,2021-11-05,16,2,1,NULL,2022-01-14 15:26
159205,7,703,66,7,7,2021,1,674,2,0,0,2021-11-05,16,2,1,NULL,2022-01-14 15:26
159206,7,701,66,7,7,2021,1,1330,2,0,0,2021-11-05,16,2,1,NULL,2022-01-14 15:26
159207,7,721,66,7,7,2021,1,272,3,0,0,2021-11-05,16,2,1,NULL,2022-01-14 15:26
159208,7,705,66,7,8,2021,1,140,1,0,0,2021-11-05,16,2,1,NULL,2022-01-14 15:26
159209,7,705,66,7,8,2021,1,218,3,0,0,2021-11-05,16,2,1,NULL,2022-01-14 15:26
159210,7,709,65,3,8,2021,1,3438,90,22,0,2021-11-05,16,2,1,NULL,2022-01-14 15:26
159211,5,509,37,1,9,2021,2,2140,68,0,0,2021-11-05,16,2,1,NULL,2022-01-14 15:26
159212,7,706,48,7,9,2021,1,2018,13,8,0,2021-11-05,16,2,1,NULL,2022-01-14 15:26
159213,7,725,37,7,9,2021,1,589,50,12,0,2021-11-05,16,2,1,NULL,2022-01-14 15:26
159214,6,601,119,5,9,2021,1,100,25,15,0,2021-11-05,16,2,1,NULL,2022-01-14 15:26
159215,6,601,10,1,9,2021,1,14,1,0,0,2021-11-05,16,2,1,NULL,2022-01-14 15:26
159216,20,2015,37,7,9,2021,1,281,142,0,0,2021-11-05,16,2,1,NULL,2022-01-14 15:26
159217,26,2680,37,1,9,2021,0,503,192,0,0,2021-11-05,16,2,1,NULL,2022-01-14 15:26
159218,26,2606,37,2,9,2021,0,1147,11,2,0,2021-11-05,16,2,1,NULL,2022-01-14 15:26
159219,26,2601,12,3,9,2021,0,0,14,0,0,2021-11-05,16,2,1,NULL,2022-01-14 15:26
159220,26,2631,62,2,9,2021,0,10,3,3,0,2021-11-05,16,2,1,NULL,2022-01-14 15:26
159221,26,2631,62,4,9,2021,0,10,3,3,0,2021-11-05,16,2,1,NULL,2022-01-14 15:26
159222,26,2660,62,9,9,2021,0,49,29,29,0,2021-11-05,16,2,1,NULL,2022-01-14 15:26
159223,26,2606,72,7,9,2021,0,25,19,0,0,2021-11-05,16,2,1,NULL,2022-01-14 15:26
159224,26,2615,72,7,9,2021,0,6,2,0,0,2021-11-05,16,2,1,NULL,2022-01-14 15:26
159225,26,2631,72,7,9,2021,0,3,1,0,0,2021-11-05,16,2,1,NULL,2022-01-14 15:26
159226,26,2633,72,7,9,2021,0,3,1,0,0,2021-11-05,16,2,1,NULL,2022-01-14 15:26
159227,26,2641,72,7,9,2021,0,6,3,0,0,2021-11-05,16,2,1,NULL,2022-01-14 15:26
159228,26,2655,72,7,9,2021,0,6,3,0,0,2021-11-05,16,2,1,NULL,2022-01-14 15:26
159229,26,2658,72,7,9,2021,0,20,12,0,0,2021-11-05,16,2,1,NULL,2022-01-14 15:26
159230,26,2660,72,7,9,2021,0,40,36,0,0,2021-11-05,16,2,1,NULL,2022-01-14 15:26
159231,26,2602,79,1,9,2021,0,18,8,0,0,2021-11-05,16,2,1,NULL,2022-01-14 15:26
159232,26,2602,79,2,9,2021,0,15,6,0,0,2021-11-05,16,2,1,NULL,2022-01-14 15:26
159233,26,2607,79,1,9,2021,0,20,10,0,0,2021-11-05,16,2,1,NULL,2022-01-14 15:26
159234,26,2607,79,2,9,2021,0,22,11,0,0,2021-11-05,16,2,1,NULL,2022-01-14 15:26
159235,26,2609,79,1,9,2021,0,20,10,0,0,2021-11-05,16,2,1,NULL,2022-01-14 15:26
159236,26,2615,79,1,9,2021,0,10,3,0,0,2021-11-05,16,2,1,NULL,2022-01-14 15:26
159237,26,2615,79,2,9,2021,0,15,6,0,0,2021-11-05,16,2,1,NULL,2022-01-14 15:26
159238,26,2631,79,1,9,2021,0,60,48,0,0,2021-11-05,16,2,1,NULL,2022-01-14 15:26
159239,26,2631,79,2,9,2021,0,36,18,0,0,2021-11-05,16,2,1,NULL,2022-01-14 15:26
159240,26,2631,79,4,9,2021,0,10,2,0,0,2021-11-05,16,2,1,NULL,2022-01-14 15:26
159241,26,2633,79,1,9,2021,0,10,1,0,0,2021-11-05,16,2,1,NULL,2022-01-14 15:26
159242,26,2633,79,2,9,2021,0,30,15,0,0,2021-11-05,16,2,1,NULL,2022-01-14 15:26
159243,26,2633,79,4,9,2021,0,10,2,0,0,2021-11-05,16,2,1,NULL,2022-01-14 15:26
159244,26,2641,79,1,9,2021,0,14,7,0,0,2021-11-05,16,2,1,NULL,2022-01-14 15:26
159245,26,2641,79,2,9,2021,0,30,15,0,0,2021-11-05,16,2,1,NULL,2022-01-14 15:26
159246,26,2649,79,1,9,2021,0,24,12,0,0,2021-11-05,16,2,1,NULL,2022-01-14 15:26
159247,26,2649,79,2,9,2021,0,15,6,0,0,2021-11-05,16,2,1,NULL,2022-01-14 15:26
159248,26,2655,79,1,9,2021,0,15,6,0,0,2021-11-05,16,2,1,NULL,2022-01-14 15:26
159249,26,2657,79,1,9,2021,0,20,9,0,0,2021-11-05,16,2,1,NULL,2022-01-14 15:26
159250,26,2658,79,2,9,2021,0,24,14,0,0,2021-11-05,16,2,1,NULL,2022-01-14 15:26
159251,26,2660,79,1,9,2021,0,42,32,0,0,2021-11-05,16,2,1,NULL,2022-01-14 15:26
159252,26,2667,79,1,9,2021,0,10,4,0,0,2021-11-05,16,2,1,NULL,2022-01-14 15:26
159253,26,2607,6,1,9,2021,0,30,27,0,0,2021-11-05,16,2,1,NULL,2022-01-14 15:26
159254,26,2631,6,1,9,2021,0,10,5,0,0,2021-11-05,16,2,1,NULL,2022-01-14 15:26
159255,26,2649,6,2,9,2021,0,5,1,0,0,2021-11-05,16,2,1,NULL,2022-01-14 15:26
159256,26,2655,6,1,9,2021,0,15,9,0,0,2021-11-05,16,2,1,NULL,2022-01-14 15:26
159257,26,2655,6,2,9,2021,0,5,1,0,0,2021-11-05,16,2,1,NULL,2022-01-14 15:26
159258,26,2660,6,1,9,2021,0,30,27,0,0,2021-11-05,16,2,1,NULL,2022-01-14 15:26
159259,26,2667,6,1,9,2021,0,7,2,0,0,2021-11-05,16,2,1,NULL,2022-01-14 15:26
159260,26,2601,10,1,9,2021,0,50,10,0,0,2021-11-05,16,2,1,NULL,2022-01-14 15:26
159261,26,2601,10,2,9,2021,0,35,8,0,0,2021-11-05,16,2,1,NULL,2022-01-14 15:26
159262,26,2602,10,1,9,2021,0,25,6,0,0,2021-11-05,16,2,1,NULL,2022-01-14 15:26
159263,26,2606,10,1,9,2021,0,260,109,0,0,2021-11-05,16,2,1,NULL,2022-01-14 15:26
159264,26,2607,10,1,9,2021,0,60,15,0,0,2021-11-05,16,2,1,NULL,2022-01-14 15:26
159265,26,2631,10,1,9,2021,0,55,13,0,0,2021-11-05,16,2,1,NULL,2022-01-14 15:26
159266,26,2631,10,2,9,2021,0,30,4,0,0,2021-11-05,16,2,1,NULL,2022-01-14 15:26
159267,26,2633,10,1,9,2021,0,30,4,0,0,2021-11-05,16,2,1,NULL,2022-01-14 15:26
159268,26,2633,10,2,9,2021,0,20,3,0,0,2021-11-05,16,2,1,NULL,2022-01-14 15:26
159269,26,2641,10,1,9,2021,0,20,4,0,0,2021-11-05,16,2,1,NULL,2022-01-14 15:26
159270,26,2655,10,2,9,2021,0,11,1,0,0,2021-11-05,16,2,1,NULL,2022-01-14 15:26
159271,26,2655,10,2,9,2021,0,20,3,0,0,2021-11-05,16,2,1,NULL,2022-01-14 15:26
159272,26,2602,45,32,9,2021,0,1,1,2,0,2021-11-05,16,2,1,NULL,2022-01-14 15:26
159273,16,1604,58,1,9,2021,5,35,5,0,0,2021-11-05,16,2,1,NULL,2022-01-14 15:26
159274,16,1604,58,1,9,2021,3,25,3,0,0,2021-11-05,16,2,1,NULL,2022-01-14 15:26
159275,16,1604,58,1,9,2021,4,30,4,0,0,2021-11-05,16,2,1,NULL,2022-01-14 15:26
159276,16,1604,15,1,9,2021,1,10,1,0,0,2021-11-05,16,2,1,NULL,2022-01-14 15:26
159277,16,1604,57,1,9,2021,3,21,3,0,0,2021-11-05,16,2,1,NULL,2022-01-14 15:26
159278,16,1604,75,1,9,2021,1,25,1,0,0,2021-11-05,16,2,1,NULL,2022-01-14 15:26
159279,16,1604,9,5,9,2021,5,20,5,0,0,2021-11-05,16,2,1,NULL,2022-01-14 15:26
159280,16,1604,29,19,9,2021,2,250,50,15,0,2021-11-05,16,2,1,NULL,2022-01-14 15:26
159281,16,1604,51,19,9,2021,1,70,19,5,0,2021-11-05,16,2,1,NULL,2022-01-14 15:26
159282,16,1604,138,19,9,2021,5,400,15,4,0,2021-11-05,16,2,1,NULL,2022-01-14 15:26
159283,16,1604,30,19,9,2021,1,650,24,7,0,2021-11-05,16,2,1,NULL,2022-01-14 15:26
159284,16,1604,20,19,9,2021,1,500,12,2,0,2021-11-05,16,2,1,NULL,2022-01-14 15:26
159285,16,1605,58,1,9,2021,4,35,4,0,0,2021-11-05,16,2,1,NULL,2022-01-14 15:26
159286,16,1605,58,1,9,2021,5,26,5,0,0,2021-11-05,16,2,1,NULL,2022-01-14 15:26
159287,16,1605,57,1,9,2021,2,15,2,0,0,2021-11-05,16,2,1,NULL,2022-01-14 15:26
159288,16,1605,75,1,9,2021,2,30,2,0,0,2021-11-05,16,2,1,NULL,2022-01-14 15:26
159289,16,1605,15,1,9,2021,1,17,1,0,0,2021-11-05,16,2,1,NULL,2022-01-14 15:26
159290,16,1605,138,19,9,2021,2,350,9,2,0,2021-11-05,16,2,1,NULL,2022-01-14 15:26
159291,16,1605,51,19,9,2021,3,550,20,7,0,2021-11-05,16,2,1,NULL,2022-01-14 15:26
159292,16,1605,30,19,9,2021,2,500,35,8,0,2021-11-05,16,2,1,NULL,2022-01-14 15:26
159293,16,1605,29,19,9,2021,4,200,50,10,0,2021-11-05,16,2,1,NULL,2022-01-14 15:26
159294,16,1608,58,1,9,2021,1,40,1,0,0,2021-11-05,16,2,1,NULL,2022-01-14 15:26
159295,16,1601,58,1,9,2021,3,35,3,0,0,2021-11-05,16,2,1,NULL,2022-01-14 15:26
159296,16,1601,51,19,9,2021,2,700,0,0,0,2021-11-05,16,2,1,NULL,2022-01-14 15:26
159297,16,1610,58,1,9,2021,2,12,2,0,0,2021-11-05,16,2,1,NULL,2022-01-14 15:26
159298,20,2019,37,7,10,2021,1,1133,64,0,0,2021-11-05,16,2,1,NULL,2022-01-14 15:26
159299,20,2026,37,7,10,2021,1,3517,310,14,0,2021-11-05,16,2,1,NULL,2022-01-14 15:26
159300,20,2019,24,4,10,2021,1,305,40,9,0,2021-11-05,16,2,1,NULL,2022-01-14 15:26
159301,20,2019,65,3,10,2021,1,56,15,6,0,2021-11-05,16,2,1,NULL,2022-01-14 15:26
159302,20,2020,8,7,10,2021,1,260,1,1,0,2021-11-05,16,2,1,NULL,2022-01-14 15:26
159303,20,2007,37,7,10,2021,1,309,36,5,0,2021-11-05,16,2,1,NULL,2022-01-14 15:26
159304,5,514,60,3,10,2021,1,285,78,45,0,2021-11-05,16,2,1,NULL,2022-01-14 15:26
159305,5,514,60,3,10,2021,1,285,77,44,0,2021-11-05,16,2,1,NULL,2022-01-14 15:26
159306,5,507,60,3,10,2021,1,400,7,0,400,2021-11-05,16,2,1,NULL,2022-01-14 15:26
159307,5,507,60,3,10,2021,1,576,43,7,628,2021-11-05,16,2,1,NULL,2022-01-14 15:26
159308,5,507,60,3,10,2021,1,590,51,5,590,2021-11-05,16,2,1,NULL,2022-01-14 15:26
159309,5,507,60,3,10,2021,1,628,28,7,576,2021-11-05,16,2,1,NULL,2022-01-14 15:26
159310,5,507,60,3,10,2021,1,436,36,6,436,2021-11-05,16,2,1,NULL,2022-01-14 15:26
159311,29,2901,35,1,10,2021,0,0,110,0,0,2021-11-05,16,2,1,NULL,2022-01-14 15:26
159312,29,2903,35,1,10,2021,0,0,46,0,0,2021-11-05,16,2,1,NULL,2022-01-14 15:26
159313,29,2902,35,1,10,2021,0,0,82,0,0,2021-11-05,16,2,1,NULL,2022-01-14 15:26
159314,29,2901,35,2,10,2021,0,0,28,0,0,2021-11-05,16,2,1,NULL,2022-01-14 15:26
159315,29,2901,35,4,10,2021,0,0,13,0,0,2021-11-05,16,2,1,NULL,2022-01-14 15:26
159316,29,2903,35,4,10,2021,0,0,8,0,0,2021-11-05,16,2,1,NULL,2022-01-14 15:26
159317,29,2901,9,1,10,2021,0,0,50,0,0,2021-11-05,16,2,1,NULL,2022-01-14 15:26
159318,29,2903,9,1,10,2021,0,0,70,0,0,2021-11-05,16,2,1,NULL,2022-01-14 15:26
159319,29,2901,9,2,10,2021,0,0,11,0,0,2021-11-05,16,2,1,NULL,2022-01-14 15:26
159320,29,2903,9,2,10,2021,0,0,2,0,0,2021-11-05,16,2,1,NULL,2022-01-14 15:26
159321,29,2901,9,4,10,2021,0,0,211,0,0,2021-11-05,16,2,1,NULL,2022-01-14 15:26
159322,29,2903,9,4,10,2021,0,0,19,0,0,2021-11-05,16,2,1,NULL,2022-01-14 15:26
159323,29,2902,9,4,10,2021,0,0,92,0,0,2021-11-05,16,2,1,NULL,2022-01-14 15:26
159324,29,2901,4,1,10,2021,0,0,102,0,0,2021-11-05,16,2,1,NULL,2022-01-14 15:26
159325,29,2903,4,1,10,2021,0,0,7,0,0,2021-11-05,16,2,1,NULL,2022-01-14 15:26
159326,29,2902,4,1,10,2021,0,0,26,0,0,2021-11-05,16,2,1,NULL,2022-01-14 15:26
159327,29,2901,4,2,10,2021,0,0,7,0,0,2021-11-05,16,2,1,NULL,2022-01-14 15:26
159328,29,2901,4,4,10,2021,0,0,129,0,0,2021-11-05,16,2,1,NULL,2022-01-14 15:26
159329,29,2903,4,4,10,2021,0,0,167,0,0,2021-11-05,16,2,1,NULL,2022-01-14 15:26
159330,29,2901,89,1,10,2021,0,0,20,0,0,2021-11-05,16,2,1,NULL,2022-01-14 15:26
159331,29,2903,89,1,10,2021,0,0,9,0,0,2021-11-05,16,2,1,NULL,2022-01-14 15:26
159332,29,2903,89,2,10,2021,0,0,1,0,0,2021-11-05,16,2,1,NULL,2022-01-14 15:26
159333,29,2901,89,4,10,2021,0,0,11,0,0,2021-11-05,16,2,1,NULL,2022-01-14 15:26
159334,29,2903,89,4,10,2021,0,0,5,0,0,2021-11-05,16,2,1,NULL,2022-01-14 15:26
159335,29,2901,53,1,10,2021,0,0,14,0,0,2021-11-05,16,2,1,NULL,2022-01-14 15:26
159336,29,2903,53,1,10,2021,0,0,16,0,0,2021-11-05,16,2,1,NULL,2022-01-14 15:26
159337,29,2902,53,1,10,2021,0,0,28,0,0,2021-11-05,16,2,1,NULL,2022-01-14 15:26
159338,29,2901,53,4,10,2021,0,0,6,0,0,2021-11-05,16,2,1,NULL,2022-01-14 15:26
159339,29,2901,7,9,10,2021,0,0,34,0,0,2021-11-05,16,2,1,NULL,2022-01-14 15:26
159340,29,2903,7,9,10,2021,0,0,43,0,0,2021-11-05,16,2,1,NULL,2022-01-14 15:26
159341,29,2902,7,9,10,2021,0,0,28,0,0,2021-11-05,16,2,1,NULL,2022-01-14 15:26
159342,29,2901,7,13,10,2021,0,0,9,0,0,2021-11-05,16,2,1,NULL,2022-01-14 15:26
159343,29,2903,7,13,10,2021,0,0,7,0,0,2021-11-05,16,2,1,NULL,2022-01-14 15:26
159344,29,2901,73,9,10,2021,0,0,58,0,0,2021-11-05,16,2,1,NULL,2022-01-14 15:26
159345,29,2903,73,9,10,2021,0,0,79,0,0,2021-11-05,16,2,1,NULL,2022-01-14 15:26
159346,29,2901,73,13,10,2021,0,0,16,0,0,2021-11-05,16,2,1,NULL,2022-01-14 15:26
159347,29,2903,73,13,10,2021,0,0,19,0,0,2021-11-05,16,2,1,NULL,2022-01-14 15:26
159348,29,2903,104,1,10,2021,0,0,3,0,0,2021-11-05,16,2,1,NULL,2022-01-14 15:26
159349,29,2903,104,4,10,2021,0,0,6,0,0,2021-11-05,16,2,1,NULL,2022-01-14 15:26
159350,29,2901,20,1,10,2021,0,0,1,0,0,2021-11-05,16,2,1,NULL,2022-01-14 15:26
159351,29,2903,20,1,10,2021,0,0,1,0,0,2021-11-05,16,2,1,NULL,2022-01-14 15:26
159352,29,2903,20,4,10,2021,0,0,2,0,0,2021-11-05,16,2,1,NULL,2022-01-14 15:26
159353,29,2901,16,9,10,2021,0,0,54,0,0,2021-11-05,16,2,1,NULL,2022-01-14 15:26
159354,29,2903,16,9,10,2021,0,0,11,0,0,2021-11-05,16,2,1,NULL,2022-01-14 15:26
159355,29,2901,27,9,10,2021,0,0,29,0,0,2021-11-05,16,2,1,NULL,2022-01-14 15:26
159356,29,2903,27,9,10,2021,0,0,2,0,0,2021-11-05,16,2,1,NULL,2022-01-14 15:26
159357,29,2901,99,5,10,2021,0,0,27,0,0,2021-11-05,16,2,1,NULL,2022-01-14 15:26
159358,29,2903,99,5,10,2021,0,0,84,0,0,2021-11-05,16,2,1,NULL,2022-01-14 15:26
159359,29,2901,81,19,10,2021,1,0,510,15,157476,2021-11-05,16,2,1,NULL,2022-01-14 15:26
159360,29,2903,81,19,10,2021,0,0,0,0,62642,2021-11-05,16,2,1,NULL,2022-01-14 15:26
159361,29,2902,81,19,10,2021,0,0,0,0,13281,2021-11-05,16,2,1,NULL,2022-01-14 15:26
159362,29,2901,51,19,10,2021,0,0,0,0,4200,2021-11-05,16,2,1,NULL,2022-01-14 15:26
159363,29,2903,51,19,10,2021,0,0,0,0,6900,2021-11-05,16,2,1,NULL,2022-01-14 15:26
159364,29,2901,44,19,10,2021,1,0,528,41,0,2021-11-05,16,2,1,NULL,2022-01-14 15:26
159365,29,2903,44,19,10,2021,0,0,135,13,0,2021-11-05,16,2,1,NULL,2022-01-14 15:26
159366,29,2901,105,19,10,2021,3,2000,14031,199,0,2021-11-05,16,2,1,NULL,2022-01-14 15:26
159367,29,2903,105,19,10,2021,3,0,17115,567,0,2021-11-05,16,2,1,NULL,2022-01-14 15:26
159368,29,2902,105,19,10,2021,0,0,534,0,0,2021-11-05,16,2,1,NULL,2022-01-14 15:26
159369,29,2901,19,19,10,2021,2,1500,5280,89,0,2021-11-05,16,2,1,NULL,2022-01-14 15:26
159370,29,2903,19,19,10,2021,1,0,550,114,0,2021-11-05,16,2,1,NULL,2022-01-14 15:26
159371,29,2902,19,19,10,2021,0,0,60,0,0,2021-11-05,16,2,1,NULL,2022-01-14 15:26
159372,29,2901,30,19,10,2021,0,0,80,2,0,2021-11-05,16,2,1,NULL,2022-01-14 15:26
159373,29,2903,30,19,10,2021,1,0,4072,85,0,2021-11-05,16,2,1,NULL,2022-01-14 15:26
159374,29,2901,20,19,10,2021,2,2000,3480,128,0,2021-11-05,16,2,1,NULL,2022-01-14 15:26
159375,29,2903,20,19,10,2021,1,0,3553,85,0,2021-11-05,16,2,1,NULL,2022-01-14 15:26
159376,29,2902,20,19,10,2021,0,0,132,0,0,2021-11-05,16,2,1,NULL,2022-01-14 15:26
159377,25,2505,35,7,10,2021,0,0,30,0,0,2021-11-05,16,2,1,NULL,2022-01-14 15:26
159378,25,2501,35,7,10,2021,0,0,5,0,0,2021-11-05,16,2,1,NULL,2022-01-14 15:26
159379,25,2504,35,7,10,2021,0,0,45,0,0,2021-11-05,16,2,1,NULL,2022-01-14 15:26
159380,25,2507,70,5,10,2021,0,0,5,2,0,2021-11-05,16,2,1,NULL,2022-01-14 15:26
159381,25,2506,65,4,10,2021,1,0,15,0,0,2021-11-05,16,2,1,NULL,2022-01-14 15:26
159382,25,2503,65,4,10,2021,1,0,8,0,0,2021-11-05,16,2,1,NULL,2022-01-14 15:26
159383,25,2506,65,4,10,2021,0,0,4,0,0,2021-11-05,16,2,1,NULL,2022-01-14 15:26
159384,25,2506,10,7,10,2021,0,0,2,0,0,2021-11-05,16,2,1,NULL,2022-01-14 15:26
159385,25,2504,10,7,10,2021,0,0,2,0,0,2021-11-05,16,2,1,NULL,2022-01-14 15:26
159386,25,2503,60,4,10,2021,0,0,6,0,0,2021-11-05,16,2,1,NULL,2022-01-14 15:26
159387,1,111,8,3,11,2021,1,3000,7,7,3000,2021-11-05,16,2,1,NULL,2022-01-14 15:26
159388,6,602,10,1,11,2021,1,12,5,1,0,2021-11-05,16,2,1,NULL,2022-01-14 15:26
159389,6,602,10,1,11,2021,1,0,1,0,0,2021-11-05,16,2,1,NULL,2022-01-14 15:26
159390,6,602,10,1,11,2021,1,0,2,0,0,2021-11-05,16,2,1,NULL,2022-01-14 15:26
159391,23,2301,6,1,11,2021,2,4,2,0,0,2021-11-05,16,2,1,NULL,2022-01-14 15:26
159392,23,2301,6,1,11,2021,1,2,1,0,0,2021-11-05,16,2,1,NULL,2022-01-14 15:26
159393,23,2302,6,3,11,2021,1,3,5,0,0,2021-11-05,16,2,1,NULL,2022-01-14 15:26
159394,23,2302,6,4,11,2021,1,1,1,0,0,2021-11-05,16,2,1,NULL,2022-01-14 15:26
159395,26,2616,37,7,11,2021,0,8313,76,0,0,2021-11-05,16,2,1,NULL,2022-01-14 15:26
159396,26,2611,62,4,11,2021,0,30,10,10,0,2021-11-05,16,2,1,NULL,2022-01-14 15:26
159397,26,2617,62,4,11,2021,0,27,7,7,0,2021-11-05,16,2,1,NULL,2022-01-14 15:26
159398,26,2625,62,2,11,2021,0,3,1,1,0,2021-11-05,16,2,1,NULL,2022-01-14 15:26
159399,26,2630,62,9,11,2021,0,5,2,2,0,2021-11-05,16,2,1,NULL,2022-01-14 15:26
159400,26,2660,62,9,11,2021,0,60,35,35,0,2021-11-05,16,2,1,NULL,2022-01-14 15:26
159401,26,2611,72,1,11,2021,0,11,6,0,0,2021-11-05,16,2,1,NULL,2022-01-14 15:26
159402,26,2617,72,2,11,2021,0,5,4,0,0,2021-11-05,16,2,1,NULL,2022-01-14 15:26
159403,26,2625,72,1,11,2021,0,15,13,1,0,2021-11-05,16,2,1,NULL,2022-01-14 15:26
159404,26,2625,72,2,11,2021,0,3,1,0,0,2021-11-05,16,2,1,NULL,2022-01-14 15:26
159405,26,2649,72,2,11,2021,0,5,4,0,0,2021-11-05,16,2,1,NULL,2022-01-14 15:26
159406,26,2658,72,1,11,2021,0,18,13,0,0,2021-11-05,16,2,1,NULL,2022-01-14 15:26
159407,26,2660,72,1,11,2021,0,48,43,0,0,2021-11-05,16,2,1,NULL,2022-01-14 15:26
159408,26,2607,79,1,11,2021,0,13,8,0,0,2021-11-05,16,2,1,NULL,2022-01-14 15:26
159409,26,2607,79,2,11,2021,0,11,6,0,0,2021-11-05,16,2,1,NULL,2022-01-14 15:26
159410,26,2608,79,1,11,2021,0,31,21,0,0,2021-11-05,16,2,1,NULL,2022-01-14 15:26
159411,26,2611,79,2,11,2021,0,28,18,0,0,2021-11-05,16,2,1,NULL,2022-01-14 15:26
159412,26,2617,79,1,11,2021,0,50,30,0,0,2021-11-05,16,2,1,NULL,2022-01-14 15:26
159413,26,2617,79,2,11,2021,0,181,132,0,0,2021-11-05,16,2,1,NULL,2022-01-14 15:26
159414,26,2625,79,1,11,2021,0,2,1,0,0,2021-11-05,16,2,1,NULL,2022-01-14 15:26
159415,26,2625,79,2,11,2021,0,84,74,4,0,2021-11-05,16,2,1,NULL,2022-01-14 15:26
159416,26,2630,79,1,11,2021,0,19,16,0,0,2021-11-05,16,2,1,NULL,2022-01-14 15:26
159417,26,2630,79,2,11,2021,0,54,47,4,0,2021-11-05,16,2,1,NULL,2022-01-14 15:26
159418,26,2634,79,1,11,2021,0,25,15,0,0,2021-11-05,16,2,1,NULL,2022-01-14 15:26
159419,26,2641,79,2,11,2021,0,9,5,0,0,2021-11-05,16,2,1,NULL,2022-01-14 15:26
159420,26,2641,79,4,11,2021,0,26,14,0,0,2021-11-05,16,2,1,NULL,2022-01-14 15:26
159421,26,2645,79,1,11,2021,0,19,9,0,0,2021-11-05,16,2,1,NULL,2022-01-14 15:26
159422,26,2649,79,1,11,2021,0,20,10,0,0,2021-11-05,16,2,1,NULL,2022-01-14 15:26
159423,26,2657,79,2,11,2021,0,24,14,0,0,2021-11-05,16,2,1,NULL,2022-01-14 15:26
159424,26,2658,79,2,11,2021,0,5,1,0,0,2021-11-05,16,2,1,NULL,2022-01-14 15:26
159425,26,2660,79,2,11,2021,0,61,41,0,0,2021-11-05,16,2,1,NULL,2022-01-14 15:26
159426,26,2667,79,1,11,2021,0,13,3,0,0,2021-11-05,16,2,1,NULL,2022-01-14 15:26
159427,26,2607,6,1,11,2021,0,34,22,0,0,2021-11-05,16,2,1,NULL,2022-01-14 15:26
159428,26,2624,6,1,11,2021,0,15,6,0,0,2021-11-05,16,2,1,NULL,2022-01-14 15:26
159429,26,2625,6,1,11,2021,0,5,1,0,0,2021-11-05,16,2,1,NULL,2022-01-14 15:26
159430,26,2630,6,1,11,2021,0,26,22,0,0,2021-11-05,16,2,1,NULL,2022-01-14 15:26
159431,26,2630,6,2,11,2021,0,34,30,0,0,2021-11-05,16,2,1,NULL,2022-01-14 15:26
159432,26,2657,6,2,11,2021,0,31,20,0,0,2021-11-05,16,2,1,NULL,2022-01-14 15:26
159433,26,2607,10,1,11,2021,0,25,15,0,0,2021-11-05,16,2,1,NULL,2022-01-14 15:26
159434,26,2611,10,1,11,2021,0,10,5,0,0,2021-11-05,16,2,1,NULL,2022-01-14 15:26
159435,26,2611,10,2,11,2021,0,12,7,0,0,2021-11-05,16,2,1,NULL,2022-01-14 15:26
159436,26,2625,10,1,11,2021,0,38,28,1,0,2021-11-05,16,2,1,NULL,2022-01-14 15:26
159437,26,2625,10,2,11,2021,0,15,7,0,0,2021-11-05,16,2,1,NULL,2022-01-14 15:26
159438,26,2630,10,1,11,2021,0,37,32,0,0,2021-11-05,16,2,1,NULL,2022-01-14 15:26
159439,26,2630,10,2,11,2021,0,15,10,0,0,2021-11-05,16,2,1,NULL,2022-01-14 15:26
159440,26,2649,10,2,11,2021,0,10,5,0,0,2021-11-05,16,2,1,NULL,2022-01-14 15:26
159441,26,2660,10,2,11,2021,0,46,36,0,0,2021-11-05,16,2,1,NULL,2022-01-14 15:26
159442,26,2667,10,1,11,2021,0,2,1,0,0,2021-11-05,16,2,1,NULL,2022-01-14 15:26
159443,26,2601,45,32,11,2021,0,2,2,2,0,2021-11-05,16,2,1,NULL,2022-01-14 15:26
159444,26,2633,45,32,11,2021,0,1,1,1,0,2021-11-05,16,2,1,NULL,2022-01-14 15:26
159445,26,2653,45,32,11,2021,0,2,2,2,0,2021-11-05,16,2,1,NULL,2022-01-14 15:26
159446,26,2670,45,32,11,2021,0,1,1,1,0,2021-11-05,16,2,1,NULL,2022-01-14 15:26
159447,12,1212,37,1,11,2021,1,0,80,0,0,2021-11-05,16,2,1,NULL,2022-01-14 15:26
159448,12,1212,37,2,11,2021,0,0,55,0,0,2021-11-05,16,2,1,NULL,2022-01-14 15:26
159449,12,1219,37,1,11,2021,1,0,32,0,0,2021-11-05,16,2,1,NULL,2022-01-14 15:26
159450,12,1224,37,1,11,2021,1,0,562,3,0,2021-11-05,16,2,1,NULL,2022-01-14 15:26
159451,12,1224,37,2,11,2021,0,0,86,0,0,2021-11-05,16,2,1,NULL,2022-01-14 15:26
159452,12,1224,37,3,11,2021,0,0,107,1,0,2021-11-05,16,2,1,NULL,2022-01-14 15:26
159453,12,1225,37,1,11,2021,1,0,28,0,0,2021-11-05,16,2,1,NULL,2022-01-14 15:26
159454,12,1225,37,2,11,2021,0,0,4,0,0,2021-11-05,16,2,1,NULL,2022-01-14 15:26
159455,12,1209,37,1,11,2021,1,0,54,0,0,2021-11-05,16,2,1,NULL,2022-01-14 15:26
159456,12,1211,37,1,11,2021,1,0,6,0,0,2021-11-05,16,2,1,NULL,2022-01-14 15:26
159457,12,1222,37,1,11,2021,1,0,3,0,0,2021-11-05,16,2,1,NULL,2022-01-14 15:26
159458,12,1227,37,1,11,2021,1,0,23,0,0,2021-11-05,16,2,1,NULL,2022-01-14 15:26
159459,12,1219,60,3,11,2021,1,0,5,1,0,2021-11-05,16,2,1,NULL,2022-01-14 15:26
159460,12,1210,60,3,11,2021,1,0,202,9,0,2021-11-05,16,2,1,NULL,2022-01-14 15:26
159461,12,1210,60,4,11,2021,0,0,70,4,0,2021-11-05,16,2,1,NULL,2022-01-14 15:26
159462,12,1210,12,3,11,2021,1,0,160,7,0,2021-11-05,16,2,1,NULL,2022-01-14 15:26
159463,13,1306,37,7,11,2021,1,3,1,0,0,2021-11-05,16,2,1,NULL,2022-01-14 15:26
159464,13,1303,62,7,11,2021,1,25,1,1,0,2021-11-05,16,2,1,NULL,2022-01-14 15:26
159465,13,1312,62,7,11,2021,0,898,1,1,0,2021-11-05,16,2,1,NULL,2022-01-14 15:26
159466,13,1312,62,4,11,2021,0,1,1,1,0,2021-11-05,16,2,1,NULL,2022-01-14 15:26
159467,13,1312,62,4,11,2021,0,2,2,2,0,2021-11-05,16,2,1,NULL,2022-01-14 15:26
159468,13,1312,62,7,11,2021,0,7729,1,1,0,2021-11-05,16,2,1,NULL,2022-01-14 15:26
159469,13,1313,95,7,11,2021,1,4237,4,0,0,2021-11-05,16,2,1,NULL,2022-01-14 15:26
159470,13,1313,95,4,11,2021,1,2578,1,0,0,2021-11-05,16,2,1,NULL,2022-01-14 15:26
159471,13,1313,95,7,11,2021,1,1083,1,0,0,2021-11-05,16,2,1,NULL,2022-01-14 15:26
159472,13,1313,95,7,11,2021,1,518,1,0,0,2021-11-05,16,2,1,NULL,2022-01-14 15:26
159473,13,1313,95,7,11,2021,1,1321,1,0,0,2021-11-05,16,2,1,NULL,2022-01-14 15:26
159474,13,1313,95,2,11,2021,1,257,2,2,0,2021-11-05,16,2,1,NULL,2022-01-14 15:26
159475,13,1313,95,7,11,2021,1,2585,1,0,0,2021-11-05,16,2,1,NULL,2022-01-14 15:26
159476,13,1313,95,7,11,2021,1,2091,1,0,0,2021-11-05,16,2,1,NULL,2022-01-14 15:26
159477,13,1309,95,7,11,2021,1,0,2,0,0,2021-11-05,16,2,1,NULL,2022-01-14 15:26
159478,13,1309,95,7,11,2021,1,0,2,0,0,2021-11-05,16,2,1,NULL,2022-01-14 15:26
159479,13,1309,95,7,11,2021,1,0,2,0,0,2021-11-05,16,2,1,NULL,2022-01-14 15:26
159480,13,1309,95,7,11,2021,1,0,2,0,0,2021-11-05,16,2,1,NULL,2022-01-14 15:26
159481,13,1309,95,7,11,2021,1,0,3,0,0,2021-11-05,16,2,1,NULL,2022-01-14 15:26
159482,13,1309,95,7,11,2021,1,0,1,0,0,2021-11-05,16,2,1,NULL,2022-01-14 15:26
159483,13,1309,95,7,11,2021,2,0,2,0,0,2021-11-05,16,2,1,NULL,2022-01-14 15:26
159484,13,1309,95,7,11,2021,1,0,8,0,0,2021-11-05,16,2,1,NULL,2022-01-14 15:26
159485,13,1309,95,7,11,2021,1,0,14,0,0,2021-11-05,16,2,1,NULL,2022-01-14 15:26
159486,13,1309,95,4,11,2021,1,0,4,0,0,2021-11-05,16,2,1,NULL,2022-01-14 15:26
159487,13,1309,95,7,11,2021,1,0,15,0,0,2021-11-05,16,2,1,NULL,2022-01-14 15:26
159488,13,1312,95,7,11,2021,1,898,1,1,0,2021-11-05,16,2,1,NULL,2022-01-14 15:26
159489,13,1314,95,7,11,2021,1,0,21,0,0,2021-11-05,16,2,1,NULL,2022-01-14 15:26
159490,13,1314,95,7,11,2021,1,0,1,0,0,2021-11-05,16,2,1,NULL,2022-01-14 15:26
159491,13,1307,6,4,11,2021,0,1258,35,0,0,2021-11-05,16,2,1,NULL,2022-01-14 15:26
159492,13,1307,6,7,11,2021,0,1362,9,0,0,2021-11-05,16,2,1,NULL,2022-01-14 15:26
159493,13,1302,6,4,11,2021,0,507,9,0,0,2021-11-05,16,2,1,NULL,2022-01-14 15:26
159494,13,1302,6,7,11,2021,0,1093,7,0,0,2021-11-05,16,2,1,NULL,2022-01-14 15:26
159495,13,1302,6,4,11,2021,0,2017,8,0,0,2021-11-05,16,2,1,NULL,2022-01-14 15:26
159496,13,1313,6,7,11,2021,0,4237,9,0,0,2021-11-05,16,2,1,NULL,2022-01-14 15:26
159497,13,1313,6,4,11,2021,0,2578,10,0,0,2021-11-05,16,2,1,NULL,2022-01-14 15:26
159498,13,1313,6,7,11,2021,0,1083,9,0,0,2021-11-05,16,2,1,NULL,2022-01-14 15:26
159499,13,1313,6,7,11,2021,0,518,6,0,0,2021-11-05,16,2,1,NULL,2022-01-14 15:26
159500,13,1313,6,7,11,2021,0,2217,12,0,0,2021-11-05,16,2,1,NULL,2022-01-14 15:26
159501,13,1313,6,4,11,2021,0,2763,5,0,0,2021-11-05,16,2,1,NULL,2022-01-14 15:26
159502,13,1313,6,7,11,2021,0,516,7,0,0,2021-11-05,16,2,1,NULL,2022-01-14 15:26
159503,13,1310,6,4,11,2021,0,798,5,0,0,2021-11-05,16,2,1,NULL,2022-01-14 15:26
159504,13,1309,6,7,11,2021,0,0,5,0,0,2021-11-05,16,2,1,NULL,2022-01-14 15:26
159505,13,1309,6,4,11,2021,0,0,9,0,0,2021-11-05,16,2,1,NULL,2022-01-14 15:26
159506,13,1309,6,7,11,2021,0,0,22,0,0,2021-11-05,16,2,1,NULL,2022-01-14 15:26
159507,13,1309,6,7,11,2021,0,0,7,0,0,2021-11-05,16,2,1,NULL,2022-01-14 15:26
159508,13,1309,6,7,11,2021,0,0,2,0,0,2021-11-05,16,2,1,NULL,2022-01-14 15:26
159509,13,1309,6,7,11,2021,0,0,9,0,0,2021-11-05,16,2,1,NULL,2022-01-14 15:26
159510,13,1309,6,7,11,2021,0,0,7,0,0,2021-11-05,16,2,1,NULL,2022-01-14 15:26
159511,13,1309,6,7,11,2021,0,0,11,0,0,2021-11-05,16,2,1,NULL,2022-01-14 15:26
159512,13,1309,6,4,11,2021,0,0,9,0,0,2021-11-05,16,2,1,NULL,2022-01-14 15:26
159513,13,1309,6,7,11,2021,0,0,10,0,0,2021-11-05,16,2,1,NULL,2022-01-14 15:26
159514,13,1304,6,7,11,2021,0,5,5,0,0,2021-11-05,16,2,1,NULL,2022-01-14 15:26
159515,13,1304,6,7,11,2021,0,5,5,0,0,2021-11-05,16,2,1,NULL,2022-01-14 15:26
159516,13,1312,6,7,11,2021,0,989,6,0,0,2021-11-05,16,2,1,NULL,2022-01-14 15:26
159517,13,1312,6,7,11,2021,0,791,5,0,0,2021-11-05,16,2,1,NULL,2022-01-14 15:26
159518,13,1312,6,7,11,2021,0,1919,12,0,0,2021-11-05,16,2,1,NULL,2022-01-14 15:26
159519,13,1312,6,7,11,2021,0,898,8,0,0,2021-11-05,16,2,1,NULL,2022-01-14 15:26
159520,13,1312,6,7,11,2021,0,1504,9,0,0,2021-11-05,16,2,1,NULL,2022-01-14 15:26
159521,13,1312,6,7,11,2021,0,977,6,0,0,2021-11-05,16,2,1,NULL,2022-01-14 15:26
159522,13,1312,6,7,11,2021,0,2620,6,0,0,2021-11-05,16,2,1,NULL,2022-01-14 15:26
159523,13,1312,6,7,11,2021,0,731,5,0,0,2021-11-05,16,2,1,NULL,2022-01-14 15:26
159524,13,1312,6,7,11,2021,0,7729,71,0,0,2021-11-05,16,2,1,NULL,2022-01-14 15:26
159525,13,1312,6,7,11,2021,0,1151,5,0,0,2021-11-05,16,2,1,NULL,2022-01-14 15:26
159526,13,1312,6,4,11,2021,0,9236,10,0,0,2021-11-05,16,2,1,NULL,2022-01-14 15:26
159527,13,1311,6,4,11,2021,0,564,5,0,0,2021-11-05,16,2,1,NULL,2022-01-14 15:26
159528,13,1307,72,4,11,2021,0,1258,11,0,0,2021-11-05,16,2,1,NULL,2022-01-14 15:26
159529,13,1307,72,7,11,2021,0,1853,5,0,0,2021-11-05,16,2,1,NULL,2022-01-14 15:26
159530,13,1307,72,7,11,2021,0,1362,13,0,0,2021-11-05,16,2,1,NULL,2022-01-14 15:26
159531,13,1307,72,7,11,2021,0,1817,6,0,0,2021-11-05,16,2,1,NULL,2022-01-14 15:26
159532,13,1302,72,7,11,2021,0,2143,9,0,0,2021-11-05,16,2,1,NULL,2022-01-14 15:26
159533,13,1310,72,7,11,2021,0,1638,5,0,0,2021-11-05,16,2,1,NULL,2022-01-14 15:26
159534,13,1310,72,7,11,2021,0,1613,15,0,0,2021-11-05,16,2,1,NULL,2022-01-14 15:26
159535,13,1310,72,7,11,2021,0,1200,8,0,0,2021-11-05,16,2,1,NULL,2022-01-14 15:26
159536,13,1309,72,7,11,2021,0,0,6,0,0,2021-11-05,16,2,1,NULL,2022-01-14 15:26
159537,13,1309,72,7,11,2021,0,0,10,0,0,2021-11-05,16,2,1,NULL,2022-01-14 15:26
159538,13,1309,72,7,11,2021,0,0,5,0,0,2021-11-05,16,2,1,NULL,2022-01-14 15:26
159539,13,1309,72,7,11,2021,0,0,5,0,0,2021-11-05,16,2,1,NULL,2022-01-14 15:26
159540,13,1309,72,7,11,2021,0,0,5,0,0,2021-11-05,16,2,1,NULL,2022-01-14 15:26
159541,13,1309,72,7,11,2021,0,0,7,0,0,2021-11-05,16,2,1,NULL,2022-01-14 15:26
159542,13,1309,72,7,11,2021,0,0,6,0,0,2021-11-05,16,2,1,NULL,2022-01-14 15:26
159543,13,1309,72,7,11,2021,0,0,8,0,0,2021-11-05,16,2,1,NULL,2022-01-14 15:26
159544,13,1309,72,7,11,2021,0,0,9,0,0,2021-11-05,16,2,1,NULL,2022-01-14 15:26
159545,13,1309,72,7,11,2021,0,0,12,0,0,2021-11-05,16,2,1,NULL,2022-01-14 15:26
159546,13,1309,72,7,11,2021,0,0,6,0,0,2021-11-05,16,2,1,NULL,2022-01-14 15:26
159547,13,1309,72,7,11,2021,0,0,7,0,0,2021-11-05,16,2,1,NULL,2022-01-14 15:26
159548,13,1309,72,7,11,2021,0,0,9,0,0,2021-11-05,16,2,1,NULL,2022-01-14 15:26
159549,13,1308,72,7,11,2021,0,0,16,0,0,2021-11-05,16,2,1,NULL,2022-01-14 15:26
159550,13,1304,72,7,11,2021,0,5,5,0,0,2021-11-05,16,2,1,NULL,2022-01-14 15:26
159551,13,1304,72,7,11,2021,0,6,6,0,0,2021-11-05,16,2,1,NULL,2022-01-14 15:26
159552,13,1304,72,7,11,2021,0,6,6,0,0,2021-11-05,16,2,1,NULL,2022-01-14 15:26
159553,13,1304,72,7,11,2021,0,6,6,0,0,2021-11-05,16,2,1,NULL,2022-01-14 15:26
159554,13,1304,72,7,11,2021,0,10,10,0,0,2021-11-05,16,2,1,NULL,2022-01-14 15:26
159555,13,1304,72,7,11,2021,0,5,5,0,0,2021-11-05,16,2,1,NULL,2022-01-14 15:26
159556,13,1304,72,7,11,2021,0,12,12,0,0,2021-11-05,16,2,1,NULL,2022-01-14 15:26
159557,13,1304,72,7,11,2021,0,5,5,0,0,2021-11-05,16,2,1,NULL,2022-01-14 15:26
159558,13,1304,72,7,11,2021,0,5,5,0,0,2021-11-05,16,2,1,NULL,2022-01-14 15:26
159559,13,1304,72,7,11,2021,0,6,6,0,0,2021-11-05,16,2,1,NULL,2022-01-14 15:26
159560,13,1304,72,7,11,2021,0,6,6,0,0,2021-11-05,16,2,1,NULL,2022-01-14 15:26
159561,13,1304,72,7,11,2021,0,6,6,0,0,2021-11-05,16,2,1,NULL,2022-01-14 15:26
159562,13,1304,72,7,11,2021,0,5,5,0,0,2021-11-05,16,2,1,NULL,2022-01-14 15:26
159563,13,1304,72,7,11,2021,0,8,8,0,0,2021-11-05,16,2,1,NULL,2022-01-14 15:26
159564,13,1304,72,7,11,2021,0,6,6,0,0,2021-11-05,16,2,1,NULL,2022-01-14 15:26
159565,13,1304,72,7,11,2021,0,6,6,0,0,2021-11-05,16,2,1,NULL,2022-01-14 15:26
159566,13,1312,72,7,11,2021,0,939,5,0,0,2021-11-05,16,2,1,NULL,2022-01-14 15:26
159567,13,1312,72,7,11,2021,0,1919,5,0,0,2021-11-05,16,2,1,NULL,2022-01-14 15:26
159568,13,1312,72,7,11,2021,0,1032,5,0,0,2021-11-05,16,2,1,NULL,2022-01-14 15:26
159569,13,1312,72,7,11,2021,0,962,6,0,0,2021-11-05,16,2,1,NULL,2022-01-14 15:26
159570,13,1312,72,7,11,2021,0,7729,89,0,0,2021-11-05,16,2,1,NULL,2022-01-14 15:26
159571,13,1311,72,7,11,2021,0,1066,10,0,0,2021-11-05,16,2,1,NULL,2022-01-14 15:26
159572,13,1314,72,7,11,2021,0,0,6,0,0,2021-11-05,16,2,1,NULL,2022-01-14 15:26
159573,13,1306,67,7,11,2021,0,3563,5,0,0,2021-11-05,16,2,1,NULL,2022-01-14 15:26
159574,13,1306,67,4,11,2021,0,3155,6,1,0,2021-11-05,16,2,1,NULL,2022-01-14 15:26
159575,13,1307,67,7,11,2021,0,1717,21,0,0,2021-11-05,16,2,1,NULL,2022-01-14 15:26
159576,13,1307,67,4,11,2021,0,1258,7,0,0,2021-11-05,16,2,1,NULL,2022-01-14 15:26
159577,13,1307,67,7,11,2021,0,660,7,0,0,2021-11-05,16,2,1,NULL,2022-01-14 15:26
159578,13,1309,67,7,11,2021,0,0,6,0,0,2021-11-05,16,2,1,NULL,2022-01-14 15:26
159579,13,1309,67,4,11,2021,0,0,27,0,0,2021-11-05,16,2,1,NULL,2022-01-14 15:26
159580,13,1309,67,7,11,2021,0,0,7,0,0,2021-11-05,16,2,1,NULL,2022-01-14 15:26
159581,13,1309,67,4,11,2021,0,0,6,0,0,2021-11-05,16,2,1,NULL,2022-01-14 15:26
159582,13,1305,67,4,11,2021,0,1610,5,0,0,2021-11-05,16,2,1,NULL,2022-01-14 15:26
159583,13,1314,67,7,11,2021,0,0,5,0,0,2021-11-05,16,2,1,NULL,2022-01-14 15:26
159584,13,1314,67,7,11,2021,0,0,36,0,0,2021-11-05,16,2,1,NULL,2022-01-14 15:26
159585,13,1301,4,7,11,2021,0,1041,30,0,0,2021-11-05,16,2,1,NULL,2022-01-14 15:26
159586,13,1301,4,7,11,2021,0,2244,12,0,0,2021-11-05,16,2,1,NULL,2022-01-14 15:26
159587,13,1301,4,7,11,2021,0,610,5,0,0,2021-11-05,16,2,1,NULL,2022-01-14 15:26
159588,13,1301,4,7,11,2021,0,717,5,0,0,2021-11-05,16,2,1,NULL,2022-01-14 15:26
159589,13,1301,4,7,11,2021,0,2108,8,0,0,2021-11-05,16,2,1,NULL,2022-01-14 15:26
159590,13,1301,4,7,11,2021,0,648,9,0,0,2021-11-05,16,2,1,NULL,2022-01-14 15:26
159591,13,1301,4,7,11,2021,0,1923,5,0,0,2021-11-05,16,2,1,NULL,2022-01-14 15:26
159592,13,1301,4,7,11,2021,0,1291,7,0,0,2021-11-05,16,2,1,NULL,2022-01-14 15:26
159593,13,1301,4,7,11,2021,0,2006,11,0,0,2021-11-05,16,2,1,NULL,2022-01-14 15:26
159594,13,1301,4,7,11,2021,0,1672,19,0,0,2021-11-05,16,2,1,NULL,2022-01-14 15:26
159595,13,1307,4,7,11,2021,0,1717,8,0,0,2021-11-05,16,2,1,NULL,2022-01-14 15:26
159596,13,1309,4,2,11,2021,0,0,7,0,0,2021-11-05,16,2,1,NULL,2022-01-14 15:26
159597,13,1309,4,7,11,2021,0,0,21,0,0,2021-11-05,16,2,1,NULL,2022-01-14 15:26
159598,13,1309,4,7,11,2021,0,0,13,0,0,2021-11-05,16,2,1,NULL,2022-01-14 15:26
159599,13,1308,4,7,11,2021,0,0,40,0,0,2021-11-05,16,2,1,NULL,2022-01-14 15:26
159600,13,1308,4,7,11,2021,0,0,9,0,0,2021-11-05,16,2,1,NULL,2022-01-14 15:26
159601,13,1308,4,7,11,2021,0,0,11,0,0,2021-11-05,16,2,1,NULL,2022-01-14 15:26
159602,13,1314,4,7,11,2021,0,0,15,0,0,2021-11-05,16,2,1,NULL,2022-01-14 15:26
159603,13,1301,20,4,11,2021,0,1169,10,0,0,2021-11-05,16,2,1,NULL,2022-01-14 15:26
159604,13,1307,20,7,11,2021,0,1717,5,0,0,2021-11-05,16,2,1,NULL,2022-01-14 15:26
159605,13,1309,20,4,11,2021,0,0,6,0,0,2021-11-05,16,2,1,NULL,2022-01-14 15:26
159606,13,1309,20,7,11,2021,0,0,8,0,0,2021-11-05,16,2,1,NULL,2022-01-14 15:26
159607,13,1309,20,2,11,2021,0,0,9,0,0,2021-11-05,16,2,1,NULL,2022-01-14 15:26
159608,13,1309,20,2,11,2021,0,0,6,0,0,2021-11-05,16,2,1,NULL,2022-01-14 15:26
159609,13,1309,20,7,11,2021,0,0,8,0,0,2021-11-05,16,2,1,NULL,2022-01-14 15:26
159610,13,1309,20,4,11,2021,0,0,15,0,0,2021-11-05,16,2,1,NULL,2022-01-14 15:26
159611,13,1308,20,4,11,2021,0,0,5,0,0,2021-11-05,16,2,1,NULL,2022-01-14 15:26
159612,13,1312,20,7,11,2021,0,7729,10,0,0,2021-11-05,16,2,1,NULL,2022-01-14 15:26
159613,13,1312,20,4,11,2021,0,9236,20,0,0,2021-11-05,16,2,1,NULL,2022-01-14 15:26
159614,13,1302,10,7,11,2021,0,2143,20,0,0,2021-11-05,16,2,1,NULL,2022-01-14 15:26
159615,13,1311,10,7,11,2021,0,1435,5,0,0,2021-11-05,16,2,1,NULL,2022-01-14 15:26
159616,13,1311,10,7,11,2021,0,1155,6,0,0,2021-11-05,16,2,1,NULL,2022-01-14 15:26
159617,13,1309,64,2,11,2021,0,0,1,0,0,2021-11-05,16,2,1,NULL,2022-01-14 15:26
159618,11,1104,6,2,11,2021,0,0,1,0,0,2021-11-05,16,2,1,NULL,2022-01-14 15:26
159619,11,1101,10,2,11,2021,0,0,2,0,0,2021-11-05,16,2,1,NULL,2022-01-14 15:26
159620,11,1104,10,2,11,2021,0,0,2,0,0,2021-11-05,16,2,1,NULL,2022-01-14 15:26
159621,11,1118,10,2,11,2021,0,0,5,0,0,2021-11-05,16,2,1,NULL,2022-01-14 15:26
159622,11,1110,10,2,11,2021,0,0,2,0,0,2021-11-05,16,2,1,NULL,2022-01-14 15:26
159623,11,1101,20,2,11,2021,0,0,2,0,0,2021-11-05,16,2,1,NULL,2022-01-14 15:26
159624,11,1121,6,2,11,2021,0,0,23,0,0,2021-11-05,16,2,1,NULL,2022-01-14 15:26
159625,11,1117,6,2,11,2021,0,0,2,0,0,2021-11-05,16,2,1,NULL,2022-01-14 15:26
159626,11,1116,10,2,11,2021,0,0,3,0,0,2021-11-05,16,2,1,NULL,2022-01-14 15:26
159627,11,1116,2,2,11,2021,0,0,1,0,0,2021-11-05,16,2,1,NULL,2022-01-14 15:26
159628,11,1116,20,2,11,2021,0,0,5,0,0,2021-11-05,16,2,1,NULL,2022-01-14 15:26
159629,11,1119,20,2,11,2021,0,0,3,0,0,2021-11-05,16,2,1,NULL,2022-01-14 15:26
159630,11,1121,20,2,11,2021,0,0,14,0,0,2021-11-05,16,2,1,NULL,2022-01-14 15:26
159631,11,1117,20,2,11,2021,0,0,15,0,0,2021-11-05,16,2,1,NULL,2022-01-14 15:26
159632,11,1101,35,2,11,2021,0,0,2,0,0,2021-11-05,16,2,1,NULL,2022-01-14 15:26
159633,11,1104,35,2,11,2021,0,0,2,0,0,2021-11-05,16,2,1,NULL,2022-01-14 15:26
159634,11,1208,35,2,11,2021,0,0,25,0,0,2021-11-05,16,2,1,NULL,2022-01-14 15:26
159635,11,1110,35,2,11,2021,0,0,8,0,0,2021-11-05,16,2,1,NULL,2022-01-14 15:26
159636,11,1111,35,2,11,2021,0,0,2,0,0,2021-11-05,16,2,1,NULL,2022-01-14 15:26
159637,11,1121,35,2,11,2021,0,0,10,0,0,2021-11-05,16,2,1,NULL,2022-01-14 15:26
159638,11,1117,35,2,11,2021,0,0,9,0,0,2021-11-05,16,2,1,NULL,2022-01-14 15:26
159639,11,1112,62,2,11,2021,0,0,0,0,1,2021-11-05,16,2,1,NULL,2022-01-14 15:26
159640,11,1110,64,2,11,2021,0,0,2,0,0,2021-11-05,16,2,1,NULL,2022-01-14 15:26
159641,11,1105,72,2,11,2021,0,0,3,0,0,2021-11-05,16,2,1,NULL,2022-01-14 15:26
159642,11,1110,72,2,11,2021,0,0,2,0,0,2021-11-05,16,2,1,NULL,2022-01-14 15:26
159643,11,1104,79,2,11,2021,0,0,18,0,0,2021-11-05,16,2,1,NULL,2022-01-14 15:26
159644,11,1105,79,2,11,2021,0,0,4,0,0,2021-11-05,16,2,1,NULL,2022-01-14 15:26
159645,11,1118,79,2,11,2021,0,0,5,0,0,2021-11-05,16,2,1,NULL,2022-01-14 15:26
159646,11,1208,79,2,11,2021,0,0,30,0,0,2021-11-05,16,2,1,NULL,2022-01-14 15:26
159647,11,1110,79,2,11,2021,0,0,5,0,0,2021-11-05,16,2,1,NULL,2022-01-14 15:26
159648,11,1113,79,2,11,2021,0,0,1,0,0,2021-11-05,16,2,1,NULL,2022-01-14 15:26
159649,11,1116,79,2,11,2021,1,0,4,0,0,2021-11-05,16,2,1,NULL,2022-01-14 15:26
159650,11,1117,79,2,11,2021,0,0,5,0,0,2021-11-05,16,2,1,NULL,2022-01-14 15:26
159651,11,1119,59,13,11,2021,0,0,0,1,0,2021-11-05,16,2,1,NULL,2022-01-14 15:26
159652,11,1119,62,13,11,2021,0,0,0,0,4,2021-11-05,16,2,1,NULL,2022-01-14 15:26
159653,11,1101,6,1,11,2021,0,0,2,0,0,2021-11-05,16,2,1,NULL,2022-01-14 15:26
159654,11,1104,6,1,11,2021,0,0,8,0,0,2021-11-05,16,2,1,NULL,2022-01-14 15:26
159655,11,1118,6,1,11,2021,0,0,8,0,0,2021-11-05,16,2,1,NULL,2022-01-14 15:26
159656,11,1110,6,1,11,2021,3,0,12,3,0,2021-11-05,16,2,1,NULL,2022-01-14 15:26
159657,11,1123,6,1,11,2021,0,0,6,0,0,2021-11-05,16,2,1,NULL,2022-01-14 15:26
159658,11,1101,10,1,11,2021,0,0,11,0,0,2021-11-05,16,2,1,NULL,2022-01-14 15:26
159659,11,1104,10,1,11,2021,0,0,21,0,0,2021-11-05,16,2,1,NULL,2022-01-14 15:26
159660,11,1105,10,1,11,2021,0,0,3,0,0,2021-11-05,16,2,1,NULL,2022-01-14 15:26
159661,11,1118,10,1,11,2021,1,0,12,0,0,2021-11-05,16,2,1,NULL,2022-01-14 15:26
159662,11,1107,10,1,11,2021,0,0,6,0,0,2021-11-05,16,2,1,NULL,2022-01-14 15:26
159663,11,1208,10,1,11,2021,0,0,19,0,0,2021-11-05,16,2,1,NULL,2022-01-14 15:26
159664,11,1110,10,1,11,2021,0,0,16,1,0,2021-11-05,16,2,1,NULL,2022-01-14 15:26
159665,11,1111,10,1,11,2021,0,0,2,0,0,2021-11-05,16,2,1,NULL,2022-01-14 15:26
159666,11,1123,10,1,11,2021,0,0,4,0,0,2021-11-05,16,2,1,NULL,2022-01-14 15:26
159667,11,1101,11,1,11,2021,0,0,4,0,0,2021-11-05,16,2,1,NULL,2022-01-14 15:26
159668,11,1107,11,1,11,2021,0,0,1,0,0,2021-11-05,16,2,1,NULL,2022-01-14 15:26
159669,11,1101,20,1,11,2021,0,0,12,0,0,2021-11-05,16,2,1,NULL,2022-01-14 15:26
159670,11,1105,20,1,11,2021,0,0,1,0,0,2021-11-05,16,2,1,NULL,2022-01-14 15:26
159671,11,1118,20,1,11,2021,1,0,9,0,0,2021-11-05,16,2,1,NULL,2022-01-14 15:26
159672,11,1208,20,1,11,2021,0,0,12,0,0,2021-11-05,16,2,1,NULL,2022-01-14 15:26
159673,11,1110,20,1,11,2021,0,0,11,0,0,2021-11-05,16,2,1,NULL,2022-01-14 15:26
159674,11,1111,20,1,11,2021,0,0,0,4,0,2021-11-05,16,2,1,NULL,2022-01-14 15:26
159675,11,1113,6,1,11,2021,0,0,2,0,0,2021-11-05,16,2,1,NULL,2022-01-14 15:26
159676,11,1115,6,1,11,2021,0,0,54,0,0,2021-11-05,16,2,1,NULL,2022-01-14 15:26
159677,11,1116,6,1,11,2021,0,0,1,0,0,2021-11-05,16,2,1,NULL,2022-01-14 15:26
159678,11,1124,6,1,11,2021,0,0,2,0,0,2021-11-05,16,2,1,NULL,2022-01-14 15:26
159679,11,1119,6,1,11,2021,2,0,11,0,0,2021-11-05,16,2,1,NULL,2022-01-14 15:26
159680,11,1121,6,1,11,2021,0,0,30,0,0,2021-11-05,16,2,1,NULL,2022-01-14 15:26
159681,11,1117,6,1,11,2021,0,0,3,0,0,2021-11-05,16,2,1,NULL,2022-01-14 15:26
159682,11,1112,10,1,11,2021,0,0,3,0,0,2021-11-05,16,2,1,NULL,2022-01-14 15:26
159683,11,1113,10,1,11,2021,0,0,2,0,0,2021-11-05,16,2,1,NULL,2022-01-14 15:26
159684,11,1114,10,1,11,2021,0,0,3,0,0,2021-11-05,16,2,1,NULL,2022-01-14 15:26
159685,11,1115,10,1,11,2021,0,0,76,0,0,2021-11-05,16,2,1,NULL,2022-01-14 15:26
159686,11,1116,10,1,11,2021,0,0,10,0,0,2021-11-05,16,2,1,NULL,2022-01-14 15:26
159687,11,1124,10,1,11,2021,1,0,5,0,0,2021-11-05,16,2,1,NULL,2022-01-14 15:26
159688,11,1119,10,1,11,2021,0,0,7,0,0,2021-11-05,16,2,1,NULL,2022-01-14 15:26
159689,11,1121,10,1,11,2021,0,0,8,0,0,2021-11-05,16,2,1,NULL,2022-01-14 15:26
159690,11,1117,10,1,11,2021,0,0,5,0,0,2021-11-05,16,2,1,NULL,2022-01-14 15:26
159691,11,1113,2,1,11,2021,0,0,1,0,0,2021-11-05,16,2,1,NULL,2022-01-14 15:26
159692,11,1116,2,1,11,2021,0,0,2,0,0,2021-11-05,16,2,1,NULL,2022-01-14 15:26
159693,11,1124,2,1,11,2021,0,0,4,0,0,2021-11-05,16,2,1,NULL,2022-01-14 15:26
159694,11,1113,20,1,11,2021,0,0,2,0,0,2021-11-05,16,2,1,NULL,2022-01-14 15:26
159695,11,1114,20,1,11,2021,0,0,2,0,0,2021-11-05,16,2,1,NULL,2022-01-14 15:26
159696,11,1116,20,1,11,2021,0,0,7,0,0,2021-11-05,16,2,1,NULL,2022-01-14 15:26
159697,11,1124,20,1,11,2021,0,0,6,0,0,2021-11-05,16,2,1,NULL,2022-01-14 15:26
159698,11,1119,20,1,11,2021,0,0,6,0,0,2021-11-05,16,2,1,NULL,2022-01-14 15:26
159699,11,1121,20,1,11,2021,0,0,29,0,0,2021-11-05,16,2,1,NULL,2022-01-14 15:26
159700,11,1117,20,1,11,2021,0,0,25,0,0,2021-11-05,16,2,1,NULL,2022-01-14 15:26
159701,11,1101,35,1,11,2021,0,0,4,0,0,2021-11-05,16,2,1,NULL,2022-01-14 15:26
159702,11,1104,35,1,11,2021,0,0,8,0,0,2021-11-05,16,2,1,NULL,2022-01-14 15:26
159703,11,1118,35,1,11,2021,0,0,1,0,0,2021-11-05,16,2,1,NULL,2022-01-14 15:26
159704,11,1208,35,1,11,2021,0,0,20,0,0,2021-11-05,16,2,1,NULL,2022-01-14 15:26
159705,11,1110,35,1,11,2021,0,0,28,0,0,2021-11-05,16,2,1,NULL,2022-01-14 15:26
159706,11,1111,35,1,11,2021,0,0,8,0,0,2021-11-05,16,2,1,NULL,2022-01-14 15:26
159707,11,1101,37,1,11,2021,0,0,4,0,0,2021-11-05,16,2,1,NULL,2022-01-14 15:26
159708,11,1105,37,1,11,2021,0,0,13,0,0,2021-11-05,16,2,1,NULL,2022-01-14 15:26
159709,11,1102,62,1,11,2021,0,0,0,0,22,2021-11-05,16,2,1,NULL,2022-01-14 15:26
159710,11,1103,62,1,11,2021,0,0,0,0,37,2021-11-05,16,2,1,NULL,2022-01-14 15:26
159711,11,1104,62,1,11,2021,0,0,0,0,3,2021-11-05,16,2,1,NULL,2022-01-14 15:26
159712,11,1105,62,1,11,2021,0,0,0,0,5,2021-11-05,16,2,1,NULL,2022-01-14 15:26
159713,11,1107,62,1,11,2021,0,0,0,0,12,2021-11-05,16,2,1,NULL,2022-01-14 15:26
159714,11,1109,62,1,11,2021,0,0,0,0,5,2021-11-05,16,2,1,NULL,2022-01-14 15:26
159715,11,1111,62,1,11,2021,0,0,5,0,5,2021-11-05,16,2,1,NULL,2022-01-14 15:26
159716,11,1124,31,1,11,2021,0,0,2,0,0,2021-11-05,16,2,1,NULL,2022-01-14 15:26
159717,11,1121,31,1,11,2021,0,0,2,0,0,2021-11-05,16,2,1,NULL,2022-01-14 15:26
159718,11,1113,35,1,11,2021,0,0,1,0,0,2021-11-05,16,2,1,NULL,2022-01-14 15:26
159719,11,1115,35,1,11,2021,0,0,25,0,0,2021-11-05,16,2,1,NULL,2022-01-14 15:26
159720,11,1116,35,1,11,2021,3,0,3,0,0,2021-11-05,16,2,1,NULL,2022-01-14 15:26
159721,11,1124,35,1,11,2021,2,0,6,0,0,2021-11-05,16,2,1,NULL,2022-01-14 15:26
159722,11,1119,35,1,11,2021,0,0,2,0,0,2021-11-05,16,2,1,NULL,2022-01-14 15:26
159723,11,1121,35,1,11,2021,0,0,18,0,0,2021-11-05,16,2,1,NULL,2022-01-14 15:26
159724,11,1117,35,1,11,2021,0,0,19,0,0,2021-11-05,16,2,1,NULL,2022-01-14 15:26
159725,11,1124,37,1,11,2021,2,0,22,0,0,2021-11-05,16,2,1,NULL,2022-01-14 15:26
159726,11,1117,37,1,11,2021,0,0,4,0,0,2021-11-05,16,2,1,NULL,2022-01-14 15:26
159727,11,1112,62,1,11,2021,0,0,0,0,2,2021-11-05,16,2,1,NULL,2022-01-14 15:26
159728,11,1115,62,1,11,2021,0,0,4,0,8,2021-11-05,16,2,1,NULL,2022-01-14 15:26
159729,11,1119,62,1,11,2021,0,0,0,0,1,2021-11-05,16,2,1,NULL,2022-01-14 15:26
159730,11,1121,62,1,11,2021,0,0,0,0,4,2021-11-05,16,2,1,NULL,2022-01-14 15:26
159731,11,1110,64,1,11,2021,0,0,4,0,0,2021-11-05,16,2,1,NULL,2022-01-14 15:26
159732,11,1101,72,1,11,2021,0,0,1,0,0,2021-11-05,16,2,1,NULL,2022-01-14 15:26
159733,11,1104,72,1,11,2021,0,0,8,0,0,2021-11-05,16,2,1,NULL,2022-01-14 15:26
159734,11,1105,72,1,11,2021,0,0,15,0,0,2021-11-05,16,2,1,NULL,2022-01-14 15:26
159735,11,1118,72,1,11,2021,0,0,4,0,0,2021-11-05,16,2,1,NULL,2022-01-14 15:26
159736,11,1107,72,1,11,2021,0,0,2,0,0,2021-11-05,16,2,1,NULL,2022-01-14 15:26
159737,11,1208,72,1,11,2021,0,0,18,0,0,2021-11-05,16,2,1,NULL,2022-01-14 15:26
159738,11,1110,72,1,11,2021,0,0,12,0,0,2021-11-05,16,2,1,NULL,2022-01-14 15:26
159739,11,1111,72,1,11,2021,0,0,3,0,0,2021-11-05,16,2,1,NULL,2022-01-14 15:26
159740,11,1101,79,1,11,2021,0,0,7,0,0,2021-11-05,16,2,1,NULL,2022-01-14 15:26
159741,11,1104,79,1,11,2021,0,0,64,0,0,2021-11-05,16,2,1,NULL,2022-01-14 15:26
159742,11,1105,79,1,11,2021,0,0,41,0,0,2021-11-05,16,2,1,NULL,2022-01-14 15:26
159743,11,1118,79,1,11,2021,0,0,14,0,0,2021-11-05,16,2,1,NULL,2022-01-14 15:26
159744,11,1107,79,1,11,2021,0,0,32,0,0,2021-11-05,16,2,1,NULL,2022-01-14 15:26
159745,11,1208,79,1,11,2021,0,0,96,0,0,2021-11-05,16,2,1,NULL,2022-01-14 15:26
159746,11,1110,79,1,11,2021,5,0,44,2,0,2021-11-05,16,2,1,NULL,2022-01-14 15:26
159747,11,1111,79,1,11,2021,0,0,6,0,0,2021-11-05,16,2,1,NULL,2022-01-14 15:26
159748,11,1123,79,1,11,2021,0,0,1,0,0,2021-11-05,16,2,1,NULL,2022-01-14 15:26
159749,11,1117,64,1,11,2021,0,0,1,0,0,2021-11-05,16,2,1,NULL,2022-01-14 15:26
159750,11,1112,72,1,11,2021,0,0,3,0,0,2021-11-05,16,2,1,NULL,2022-01-14 15:26
159751,11,1113,72,1,11,2021,0,0,1,0,0,2021-11-05,16,2,1,NULL,2022-01-14 15:26
159752,11,1114,72,1,11,2021,0,0,3,0,0,2021-11-05,16,2,1,NULL,2022-01-14 15:26
159753,11,1115,72,1,11,2021,0,0,2,0,0,2021-11-05,16,2,1,NULL,2022-01-14 15:26
159754,11,1124,72,1,11,2021,0,0,2,0,0,2021-11-05,16,2,1,NULL,2022-01-14 15:26
159755,11,1119,72,1,11,2021,0,0,8,0,0,2021-11-05,16,2,1,NULL,2022-01-14 15:26
159756,11,1117,72,1,11,2021,0,0,3,0,0,2021-11-05,16,2,1,NULL,2022-01-14 15:26
159757,11,1112,79,1,11,2021,0,0,0,1,0,2021-11-05,16,2,1,NULL,2022-01-14 15:26
159758,11,1113,79,1,11,2021,0,0,4,0,0,2021-11-05,16,2,1,NULL,2022-01-14 15:26
159759,11,1114,79,1,11,2021,0,0,2,0,0,2021-11-05,16,2,1,NULL,2022-01-14 15:26
159760,11,1116,79,1,11,2021,3,0,20,0,0,2021-11-05,16,2,1,NULL,2022-01-14 15:26
159761,11,1124,79,1,11,2021,2,0,8,0,0,2021-11-05,16,2,1,NULL,2022-01-14 15:26
159762,11,1119,79,1,11,2021,3,0,13,0,0,2021-11-05,16,2,1,NULL,2022-01-14 15:26
159763,11,1117,79,1,11,2021,0,0,17,0,0,2021-11-05,16,2,1,NULL,2022-01-14 15:26
159764,11,1104,16,9,11,2021,0,0,0,0,23,2021-11-05,16,2,1,NULL,2022-01-14 15:26
159765,11,1105,16,9,11,2021,0,0,4,0,0,2021-11-05,16,2,1,NULL,2022-01-14 15:26
159766,11,1123,16,9,11,2021,0,0,2,0,0,2021-11-05,16,2,1,NULL,2022-01-14 15:26
159767,11,1101,20,9,11,2021,0,0,6,0,0,2021-11-05,16,2,1,NULL,2022-01-14 15:26
159768,11,1119,6,9,11,2021,0,0,2,0,0,2021-11-05,16,2,1,NULL,2022-01-14 15:26
159769,11,1119,10,9,11,2021,0,0,13,0,0,2021-11-05,16,2,1,NULL,2022-01-14 15:26
159770,11,1119,16,9,11,2021,0,0,4,1,33,2021-11-05,16,2,1,NULL,2022-01-14 15:26
159771,11,1121,16,9,11,2021,0,0,5,0,0,2021-11-05,16,2,1,NULL,2022-01-14 15:26
159772,11,1117,16,9,11,2021,0,0,0,0,2,2021-11-05,16,2,1,NULL,2022-01-14 15:26
159773,11,1114,20,9,11,2021,0,0,2,0,0,2021-11-05,16,2,1,NULL,2022-01-14 15:26
159774,11,1104,59,9,11,2021,0,0,0,0,23,2021-11-05,16,2,1,NULL,2022-01-14 15:26
159775,11,1105,59,9,11,2021,0,0,3,0,0,2021-11-05,16,2,1,NULL,2022-01-14 15:26
159776,11,1123,59,9,11,2021,0,0,0,0,1,2021-11-05,16,2,1,NULL,2022-01-14 15:26
159777,11,1102,62,9,11,2021,0,0,0,0,2,2021-11-05,16,2,1,NULL,2022-01-14 15:26
159778,11,1103,62,9,11,2021,0,0,0,0,32,2021-11-05,16,2,1,NULL,2022-01-14 15:26
159779,11,1104,62,9,11,2021,0,0,0,0,39,2021-11-05,16,2,1,NULL,2022-01-14 15:26
159780,11,1105,62,9,11,2021,0,0,0,0,18,2021-11-05,16,2,1,NULL,2022-01-14 15:26
159781,11,1107,62,9,11,2021,0,0,0,0,3,2021-11-05,16,2,1,NULL,2022-01-14 15:26
159782,11,1109,62,9,11,2021,0,0,0,0,26,2021-11-05,16,2,1,NULL,2022-01-14 15:26
159783,11,1123,62,9,11,2021,0,0,0,0,18,2021-11-05,16,2,1,NULL,2022-01-14 15:26
159784,11,1114,59,9,11,2021,0,0,0,0,7,2021-11-05,16,2,1,NULL,2022-01-14 15:26
159785,11,1119,59,9,11,2021,0,0,10,14,34,2021-11-05,16,2,1,NULL,2022-01-14 15:26
159786,11,1112,62,9,11,2021,0,0,0,0,4,2021-11-05,16,2,1,NULL,2022-01-14 15:26
159787,11,1114,62,9,11,2021,0,0,0,0,1,2021-11-05,16,2,1,NULL,2022-01-14 15:26
159788,11,1119,62,9,11,2021,0,0,0,0,119,2021-11-05,16,2,1,NULL,2022-01-14 15:26
159789,11,1121,62,9,11,2021,0,0,0,0,8,2021-11-05,16,2,1,NULL,2022-01-14 15:26
159790,11,1117,62,9,11,2021,0,0,0,0,30,2021-11-05,16,2,1,NULL,2022-01-14 15:26
159791,11,1118,6,4,11,2021,0,0,1,0,0,2021-11-05,16,2,1,NULL,2022-01-14 15:26
159792,11,1101,10,4,11,2021,0,0,4,0,0,2021-11-05,16,2,1,NULL,2022-01-14 15:26
159793,11,1101,20,4,11,2021,0,0,35,0,0,2021-11-05,16,2,1,NULL,2022-01-14 15:26
159794,11,1118,20,4,11,2021,0,0,6,0,0,2021-11-05,16,2,1,NULL,2022-01-14 15:26
159795,11,1110,20,4,11,2021,0,0,15,0,0,2021-11-05,16,2,1,NULL,2022-01-14 15:26
159796,11,1121,6,4,11,2021,0,0,20,0,0,2021-11-05,16,2,1,NULL,2022-01-14 15:26
159797,11,1114,10,4,11,2021,0,0,1,0,0,2021-11-05,16,2,1,NULL,2022-01-14 15:26
159798,11,1116,10,4,11,2021,0,0,6,0,0,2021-11-05,16,2,1,NULL,2022-01-14 15:26
159799,11,1114,20,4,11,2021,0,0,2,0,0,2021-11-05,16,2,1,NULL,2022-01-14 15:26
159800,11,1116,20,4,11,2021,0,0,8,0,0,2021-11-05,16,2,1,NULL,2022-01-14 15:26
159801,11,1121,20,4,11,2021,0,0,34,0,0,2021-11-05,16,2,1,NULL,2022-01-14 15:26
159802,11,1117,20,4,11,2021,0,0,77,0,0,2021-11-05,16,2,1,NULL,2022-01-14 15:26
159803,11,1101,31,4,11,2021,0,0,2,0,0,2021-11-05,16,2,1,NULL,2022-01-14 15:26
159804,11,1101,35,4,11,2021,0,0,2,0,0,2021-11-05,16,2,1,NULL,2022-01-14 15:26
159805,11,1104,35,4,11,2021,0,0,6,0,0,2021-11-05,16,2,1,NULL,2022-01-14 15:26
159806,11,1101,31,4,11,2021,0,0,2,0,0,2021-11-05,16,2,1,NULL,2022-01-14 15:26
159807,11,1101,60,4,11,2021,0,0,40,0,0,2021-11-05,16,2,1,NULL,2022-01-14 15:26
159808,11,1103,60,4,11,2021,0,0,235,0,0,2021-11-05,16,2,1,NULL,2022-01-14 15:26
159809,11,1105,60,4,11,2021,0,0,27,0,0,2021-11-05,16,2,1,NULL,2022-01-14 15:26
159810,11,1101,62,4,11,2021,0,0,0,0,20,2021-11-05,16,2,1,NULL,2022-01-14 15:26
159811,11,1102,62,4,11,2021,0,0,0,0,33,2021-11-05,16,2,1,NULL,2022-01-14 15:26
159812,11,1103,62,4,11,2021,0,0,0,0,147,2021-11-05,16,2,1,NULL,2022-01-14 15:26
159813,11,1104,62,4,11,2021,0,0,0,0,7,2021-11-05,16,2,1,NULL,2022-01-14 15:26
159814,11,1105,62,4,11,2021,0,0,0,0,7,2021-11-05,16,2,1,NULL,2022-01-14 15:26
159815,11,1106,62,4,11,2021,0,0,0,0,82,2021-11-05,16,2,1,NULL,2022-01-14 15:26
159816,11,1107,62,4,11,2021,0,0,0,0,85,2021-11-05,16,2,1,NULL,2022-01-14 15:26
159817,11,1109,62,4,11,2021,0,0,0,0,25,2021-11-05,16,2,1,NULL,2022-01-14 15:26
159818,11,1110,62,4,11,2021,0,0,0,0,1,2021-11-05,16,2,1,NULL,2022-01-14 15:26
159819,11,1115,35,4,11,2021,0,0,15,0,0,2021-11-05,16,2,1,NULL,2022-01-14 15:26
159820,11,1121,35,4,11,2021,0,0,12,0,0,2021-11-05,16,2,1,NULL,2022-01-14 15:26
159821,11,1117,65,4,11,2021,0,0,2,0,0,2021-11-05,16,2,1,NULL,2022-01-14 15:26
159822,11,1119,60,4,11,2021,0,0,0,0,200,2021-11-05,16,2,1,NULL,2022-01-14 15:26
159823,11,1117,60,4,11,2021,0,0,3,0,80,2021-11-05,16,2,1,NULL,2022-01-14 15:26
159824,11,1112,62,4,11,2021,0,0,0,6,20,2021-11-05,16,2,1,NULL,2022-01-14 15:26
159825,11,1113,62,4,11,2021,0,0,0,0,1,2021-11-05,16,2,1,NULL,2022-01-14 15:26
159826,11,1114,62,4,11,2021,0,0,0,0,2,2021-11-05,16,2,1,NULL,2022-01-14 15:26
159827,11,1119,62,4,11,2021,0,0,0,0,39,2021-11-05,16,2,1,NULL,2022-01-14 15:26
159828,11,1121,62,4,11,2021,0,0,0,0,10,2021-11-05,16,2,1,NULL,2022-01-14 15:26
159829,11,1117,62,4,11,2021,0,0,0,0,19,2021-11-05,16,2,1,NULL,2022-01-14 15:26
159830,11,1104,79,4,11,2021,0,0,3,0,0,2021-11-05,16,2,1,NULL,2022-01-14 15:26
159831,11,1105,79,4,11,2021,0,0,6,0,0,2021-11-05,16,2,1,NULL,2022-01-14 15:26
159832,11,1116,79,4,11,2021,0,0,3,0,0,2021-11-05,16,2,1,NULL,2022-01-14 15:26
159833,11,1119,79,4,11,2021,0,0,1,0,0,2021-11-05,16,2,1,NULL,2022-01-14 15:26
159834,11,1117,79,4,11,2021,0,0,3,0,0,2021-11-05,16,2,1,NULL,2022-01-14 15:26
159835,11,1101,20,19,11,2021,0,0,297,0,0,2021-11-05,16,2,1,NULL,2022-01-14 15:26
159836,11,1103,20,19,11,2021,0,0,300,0,0,2021-11-05,16,2,1,NULL,2022-01-14 15:26
159837,11,1105,20,19,11,2021,0,0,173,0,0,2021-11-05,16,2,1,NULL,2022-01-14 15:26
159838,11,1118,20,19,11,2021,0,0,12,0,0,2021-11-05,16,2,1,NULL,2022-01-14 15:26
159839,11,1106,20,19,11,2021,0,0,3698,0,0,2021-11-05,16,2,1,NULL,2022-01-14 15:26
159840,11,1107,20,19,11,2021,0,0,10,0,0,2021-11-05,16,2,1,NULL,2022-01-14 15:26
159841,11,1208,20,19,11,2021,0,0,548,0,0,2021-11-05,16,2,1,NULL,2022-01-14 15:26
159842,11,1114,20,19,11,2021,0,0,4,0,0,2021-11-05,16,2,1,NULL,2022-01-14 15:26
159843,11,1115,20,19,11,2021,0,0,765,0,0,2021-11-05,16,2,1,NULL,2022-01-14 15:26
159844,11,1116,20,19,11,2021,0,0,125,0,0,2021-11-05,16,2,1,NULL,2022-01-14 15:26
159845,11,1119,20,19,11,2021,1,0,683,0,0,2021-11-05,16,2,1,NULL,2022-01-14 15:26
159846,11,1121,20,19,11,2021,0,0,40,0,0,2021-11-05,16,2,1,NULL,2022-01-14 15:26
159847,11,1117,20,19,11,2021,0,0,50,0,0,2021-11-05,16,2,1,NULL,2022-01-14 15:26
159848,11,1101,20,3,11,2021,0,0,8,0,0,2021-11-05,16,2,1,NULL,2022-01-14 15:26
159849,11,1121,6,3,11,2021,0,0,10,0,0,2021-11-05,16,2,1,NULL,2022-01-14 15:26
159850,11,1121,20,3,11,2021,0,0,8,0,0,2021-11-05,16,2,1,NULL,2022-01-14 15:26
159851,11,1101,37,3,11,2021,0,0,4,0,0,2021-11-05,16,2,1,NULL,2022-01-14 15:26
159852,11,1121,35,3,11,2021,0,0,5,0,0,2021-11-05,16,2,1,NULL,2022-01-14 15:26
159853,11,1121,60,3,11,2021,0,0,4,0,0,2021-11-05,16,2,1,NULL,2022-01-14 15:26
159854,11,1117,60,3,11,2021,0,0,2,0,0,2021-11-05,16,2,1,NULL,2022-01-14 15:26
159855,11,1119,62,3,11,2021,0,0,0,0,1,2021-11-05,16,2,1,NULL,2022-01-14 15:26
159856,11,1101,20,5,11,2021,0,0,4,0,0,2021-11-05,16,2,1,NULL,2022-01-14 15:26
159857,11,1101,70,5,11,2021,0,0,4,0,0,2021-11-05,16,2,1,NULL,2022-01-14 15:26
159858,11,1117,70,5,11,2021,0,0,1,0,0,2021-11-05,16,2,1,NULL,2022-01-14 15:26
159859,14,1404,45,32,11,2021,1,6,1,1,0,2021-11-05,16,2,1,NULL,2022-01-14 15:26
159860,14,1404,37,1,11,2021,1,521,30,0,0,2021-11-05,16,2,1,NULL,2022-01-14 15:26
159861,14,1404,37,2,11,2021,0,269,15,0,0,2021-11-05,16,2,1,NULL,2022-01-14 15:26
159862,9,905,37,7,11,2021,1,203,80,0,123,2021-11-05,16,2,1,NULL,2022-01-14 15:26
159863,9,909,37,7,11,2021,1,249,5,0,244,2021-11-05,16,2,1,NULL,2022-01-14 15:26
159864,9,902,37,7,11,2021,1,522,70,0,452,2021-11-05,16,2,1,NULL,2022-01-14 15:26
159865,9,902,37,7,11,2021,1,33,33,0,0,2021-11-05,16,2,1,NULL,2022-01-14 15:26
159866,23,2301,6,1,12,2021,1,2,1,0,0,2021-11-05,16,2,1,NULL,2022-01-14 15:26
159867,23,2301,6,1,12,2021,1,2,1,0,0,2021-11-05,16,2,1,NULL,2022-01-14 15:26
159868,23,2301,6,1,12,2021,1,3,1,0,0,2021-11-05,16,2,1,NULL,2022-01-14 15:26
159869,23,2301,6,1,12,2021,1,2,1,0,0,2021-11-05,16,2,1,NULL,2022-01-14 15:26
159870,23,2304,6,4,12,2021,1,4,1,0,0,2021-11-05,16,2,1,NULL,2022-01-14 15:26
159871,16,1604,58,1,12,2021,2,21,2,0,0,2021-11-05,16,2,1,NULL,2022-01-14 15:26
159872,16,1604,89,1,12,2021,1,14,1,0,0,2021-11-05,16,2,1,NULL,2022-01-14 15:26
159873,16,1604,62,9,12,2021,2,0,2,2,0,2021-11-05,16,2,1,NULL,2022-01-14 15:26
159874,16,1604,51,19,12,2021,1,500,150,30,0,2021-11-05,16,2,1,NULL,2022-01-14 15:26
159875,16,1604,51,19,12,2021,1,900,180,35,0,2021-11-05,16,2,1,NULL,2022-01-14 15:26
159876,16,1605,51,19,12,2021,1,750,100,23,0,2021-11-05,16,2,1,NULL,2022-01-14 15:26
159877,16,1605,51,19,12,2021,1,250,80,17,0,2021-11-05,16,2,1,NULL,2022-01-14 15:26
159878,16,1605,29,19,12,2021,2,250,180,35,0,2021-11-05,16,2,1,NULL,2022-01-14 15:26
159879,16,1605,70,5,12,2021,1,40,20,6,0,2021-11-05,16,2,1,NULL,2022-01-14 15:26
159880,16,1608,58,1,12,2021,1,18,1,0,0,2021-11-05,16,2,1,NULL,2022-01-14 15:26
159881,16,1608,57,1,12,2021,1,20,1,0,0,2021-11-05,16,2,1,NULL,2022-01-14 15:26
159882,16,1608,75,1,12,2021,1,24,1,0,0,2021-11-05,16,2,1,NULL,2022-01-14 15:26
159883,16,1608,62,9,12,2021,1,0,1,1,0,2021-11-05,16,2,1,NULL,2022-01-14 15:26
159884,16,1608,51,19,12,2021,1,800,200,40,0,2021-11-05,16,2,1,NULL,2022-01-14 15:26
159885,16,1608,138,19,12,2021,1,1000,50,10,0,2021-11-05,16,2,1,NULL,2022-01-14 15:26
159886,16,1601,58,1,12,2021,2,30,2,0,0,2021-11-05,16,2,1,NULL,2022-01-14 15:26
159887,16,1601,57,1,12,2021,1,20,1,0,0,2021-11-05,16,2,1,NULL,2022-01-14 15:26
159888,16,1601,75,1,12,2021,1,25,1,0,0,2021-11-05,16,2,1,NULL,2022-01-14 15:26
159889,16,1601,91,19,12,2021,1,600,70,20,0,2021-11-05,16,2,1,NULL,2022-01-14 15:26
159890,8,814,70,5,12,2021,1,120,120,95,0,2021-11-05,16,2,1,NULL,2022-01-14 15:26
159891,8,814,70,5,12,2021,1,200,200,175,0,2021-11-05,16,2,1,NULL,2022-01-14 15:26
159892,8,802,60,21,12,2021,1,133,39,16,0,2021-11-05,16,2,1,NULL,2022-01-14 15:26
159893,8,806,21,4,12,2021,1,9,2,0,0,2021-11-05,16,2,1,NULL,2022-01-14 15:26
159894,9,905,37,2,12,2021,1,119,13,0,106,2021-11-05,16,2,1,NULL,2022-01-14 15:26
159895,14,1407,37,1,12,2021,1,98,3,0,0,2021-11-05,16,2,1,NULL,2022-01-14 15:26
159896,14,1405,37,1,12,2021,1,394,10,0,0,2021-11-05,16,2,1,NULL,2022-01-14 15:26
159897,14,1405,37,2,12,2021,0,437,1,0,0,2021-11-05,16,2,1,NULL,2022-01-14 15:26
159898,18,1808,146,5,12,2021,0,91,1,1,0,2021-11-05,16,2,1,NULL,2022-01-14 15:26
159899,18,1802,146,5,12,2021,1,1485,4,4,0,2021-11-05,16,2,1,NULL,2022-01-14 15:26
159900,18,1807,146,5,12,2021,1,0,2,2,0,2021-11-05,16,2,1,NULL,2022-01-14 15:26
159901,2,208,146,5,12,2021,1,156,3,3,0,2021-11-05,16,2,1,NULL,2022-01-14 15:26
159902,2,205,66,1,12,2021,2,260,150,6,0,2021-11-05,16,2,1,NULL,2022-01-14 15:26
159903,2,201,70,5,12,2021,1,212,12,10,2,2021-11-05,16,2,1,NULL,2022-01-14 15:26
